{
  "GET /api/demo/counter/race-condition" : {
    "transaction" : "GET /api/demo/counter/race-condition",
    "sampleCount" : 320,
    "errorCount" : 0,
    "errorPct" : 0.0,
    "meanResTime" : 5558.340625000004,
    "medianResTime" : 6006.5,
    "minResTime" : 255.0,
    "maxResTime" : 10469.0,
    "pct1ResTime" : 9221.300000000003,
    "pct2ResTime" : 9680.25,
    "pct3ResTime" : 10082.06,
    "throughput" : 9.314510260515208,
    "receivedKBytesPerSec" : 4.465211577645176,
    "sentKBytesPerSec" : 1.3371416096638045
  },
  "Total" : {
    "transaction" : "Total",
    "sampleCount" : 320,
    "errorCount" : 0,
    "errorPct" : 0.0,
    "meanResTime" : 5558.340625000004,
    "medianResTime" : 6006.5,
    "minResTime" : 255.0,
    "maxResTime" : 10469.0,
    "pct1ResTime" : 9221.300000000003,
    "pct2ResTime" : 9680.25,
    "pct3ResTime" : 10082.06,
    "throughput" : 9.314510260515208,
    "receivedKBytesPerSec" : 4.465211577645176,
    "sentKBytesPerSec" : 1.3371416096638045
  }
}